{
  "TSLA": {
    "var_95": -0.05466309946643584,
    "sharpe_ratio": 0.7445501975254389,
    "max_drawdown": -0.7363221744219123,
    "annual_volatility": 0.5918872972913023
  },
  "BND": {
    "var_95": -0.004899546103188951,
    "sharpe_ratio": -0.007295282460552543,
    "max_drawdown": -0.18582088035290825,
    "annual_volatility": 0.054918835627619275
  },
  "SPY": {
    "var_95": -0.017194888457630318,
    "sharpe_ratio": 0.6844274013505195,
    "max_drawdown": -0.3371725547919598,
    "annual_volatility": 0.18240716721882316
  }
}